"","variable","mean","sd","sem","n","NYHAClass.r","PureNYHAClass.r","ExplicitNYHAClass.r","NYHAClass.r2","PureNYHAClass.r2","ExplicitNYHAClass.r2","NYHAClass.p","PureNYHAClass.p","ExplicitNYHAClass.p"
"1","Age",54.7,13.7488403963715,1.94437965554517,50,0.0689413367349564,0.0976600024730965,0.122098997521177,0.00475290791080265,0.00953747608304521,0.0149081651956764,0.634269894613571,0.565270347468022,0.398278277981514
"2","AT",9.43478260869565,2.42699790699945,0.35784131899184,46,-0.285129010462641,-0.287119840917103,-0.361047787150174,0.0812985526074047,0.0824378030482625,0.130355504606037,0.0547696421283232,0.0895302934186635,0.0136961496906873
"3","BMI",28.9326854322342,6.43638416827643,0.910242178341999,50,0.132259310372684,0.139863805258875,0.191547966487962,0.0174925251802579,0.0195618840214925,0.0366906234656733,0.359881290229826,0.409015289452868,0.182673585928764
"4","CPSDate",NA,NA,NA,0,NA,NA,NA,NA,NA,NA,NA,NA,NA
"5","DBP",72.64,9.53352837439036,1.34824451243316,50,-0.123008545593897,-0.192438812758037,-0.12746858158536,0.015131102289126,0.0370326966557228,0.0162482392913837,0.394746766565778,0.253833312518722,0.377696951478834
"6","DBP.Resting",67.98,8.97499928940933,1.26925657173716,50,-0.165539938095708,-0.227428084149993,-0.157152532182855,0.0274034711047309,0.0517235334601361,0.0246969183714832,0.250603198674206,0.175823491652797,0.275748609266369
"7","DeviceID",NA,NA,NA,0,NA,NA,NA,NA,NA,NA,NA,NA,NA
"8","Duration",9.49306666666667,3.19172113876893,0.451377532175992,50,-0.286790989341398,-0.368604883443339,-0.306646507193981,0.082249071567418,0.135869560098278,0.0940320803742679,0.0434599243901679,0.0247755663091462,0.0303147038992484
"9","EjectionFraction",28,9.89949493661167,4.94974746830583,4,NA,NA,NA,NA,NA,NA,NA,NA,NA
"10","Exercises",NA,NA,NA,0,NA,NA,NA,NA,NA,NA,NA,NA,NA
"11","FEV.Resting",2.66645833333333,0.802197751349069,0.115787271921174,48,0.111156689425309,0.0339446360502103,-0.0128578108650073,0.0123558096039947,0.00115223831658123,0.0001653233002403,0.451959927146421,0.844190270531101,0.930880656685438
"12","FEV.Resting.Percentage",74.4375,20.6674852560371,2.98309454401141,48,0.121838653556518,0.0921889709335517,0.000125710145815887,0.0148446575004653,0.00849880636178724,1.58030407610517e-08,0.409398856616952,0.592820114670533,0.999323404434795
"13","FVC.Resting",3.43104166666667,0.972868624187808,0.140421490515243,48,0.114125508680372,0.038479361767818,0.00729065279854508,0.0130246317315537,0.00148066128205862,5.31536182289333e-05,0.439894677028603,0.823682978222584,0.960775625920309
"14","FVC.Resting.Percentage",75.1041666666667,15.900273760969,2.29500683402105,48,0.0726672817656856,0.0167778372771198,-0.0338239022307462,0.00528053383921354,0.000281495823697509,0.00114405636211508,0.623544878397135,0.922630294902598,0.819469774179877
"15","Handedness",NA,NA,NA,0,NA,NA,NA,NA,NA,NA,NA,NA,NA
"16","Height",174,8.72481799120141,1.23387559323938,50,0.12127245692607,0.0727277569928983,0.139558287627763,0.0147070088088855,0.00528932663721807,0.0194765156455934,0.401503420919295,0.668819189051427,0.333740229824648
"17","HFDiagnosisYear",16345.3777777778,18653.544070143,2780.70617080853,45,-0.0452782666781895,0.0614488293951973,-0.114048057292128,0.00205012143338124,0.00377595863404006,0.0130069593721085,0.76773404553959,0.734077228458384,0.455686855642021
"18","HFTreatmentsToDate",NA,NA,NA,0,NA,NA,NA,NA,NA,NA,NA,NA,NA
"19","HR",105.673469387755,19.5878233382184,2.79826047688834,49,-0.342840998933375,-0.335577181090619,-0.320980566262959,0.117539950549635,0.112612044468726,0.10302852391849,0.0158861771185232,0.0423078492113922,0.0245296854893711
"20","HR.1min",88.375,14.6034461103492,2.10782588572657,48,-0.275657609780382,-0.245203819820745,-0.271492069408279,0.0759871178298335,0.0601249132546843,0.0737079437515897,0.0579080141531425,0.149468239281574,0.0619575354570103
"21","HR.1minDrop",19.1276595744681,13.2691486265282,1.93550425159284,47,-0.343023635647627,-0.347264518426951,-0.248278558167684,0.117665214612916,0.120592645758302,0.0616422424458241,0.018253242704104,0.0379747378312989,0.0924253607688821
"22","HR.Resting",66.96,11.9180192848254,1.68546245092241,50,0.0392111059614645,0.088116629535535,0.0815321056646867,0.0015375108307212,0.00776454040070272,0.00664748425411764,0.786886748715572,0.604035117668917,0.573519520241144
"23","ID",27,15.2235049197225,2.15292871243251,50,-0.0347515279695872,-0.0538944182034534,0.0380246757105369,0.001207668696221,0.00290460831348873,0.0014458759628915,0.810650057144241,0.751391232483555,0.793190981159428
"24","NYHAClassMixed",NA,NA,NA,0,NA,NA,NA,NA,NA,NA,NA,NA,NA
"25","O2Sat",98.2708333333333,1.37978696063472,0.199155093286697,48,-0.00205748686411327,0.0200930326713687,-0.0734362577071744,4.23325219599866e-06,0.000403729961932692,0.00539288394603453,0.988926562566265,0.907402835861024,0.619865735483992
"26","O2Sat.Resting",98.4791666666667,1.18482574952505,0.171014866357771,48,-0.12219819745127,-0.14592982104928,-0.186389914153322,0.0149323994603395,0.021295512671475,0.0347412000980826,0.408007657344082,0.395748947446931,0.204634548304273
"27","OUES",1.2194,0.212556580702645,0.0950581927032068,5,-0.0446650846190647,-0.0446650846190647,-0.0446650846190647,0.00199496978402821,0.00199496978402821,0.00199496978402821,0.943149562429613,0.943149562429613,0.943149562429613
"28","PETCO2.Peak",31.6666666666667,2.06559111797729,0.843274042711568,6,-0.625000000000006,-0.625000000000006,-0.625000000000001,0.390625000000008,0.390625000000008,0.390625000000002,0.184570312499994,0.184570312499994,0.184570312499999
"29","RegularPhysicalActivities",NA,NA,NA,0,NA,NA,NA,NA,NA,NA,NA,NA,NA
"30","RER.Peak",1.088,0.101641526946421,0.014520218135203,49,-0.478905746052393,-0.542360892371225,-0.480922963506565,0.229350713602,0.294155337573712,0.231286896827937,0.00049942979182771,0.000524992681198988,0.000469056594434081
"31","RPEper20.Peak",16.5555555555556,0.881917103688197,0.293972367896066,9,-0.0357142857142869,-0.166666666666664,-0.359066249358763,0.00127551020408172,0.027777777777777,0.128928571428569,0.927320744968132,0.720971202073234,0.342618418492278
"32","SBP",129.88,20.5194183789952,2.90188397635827,50,-0.266847943199428,-0.392303587024174,-0.274286623457408,0.0712078247897652,0.153902104392033,0.0752331518076659,0.061026722009403,0.0163260308463289,0.05390599002626
"33","SBP.Resting",108.42,14.8696238784212,2.10288237562501,50,-0.22325557020803,-0.302425749415279,-0.167988031189488,0.0498430496289125,0.0914613339093929,0.0282199786229204,0.119121929220853,0.0688638639638395,0.243565960308443
"34","Sex",NA,NA,NA,0,NA,NA,NA,NA,NA,NA,NA,NA,NA
"35","StepData.HighestValuedStreak",2778.64,2226.33114283366,314.850769652895,50,-0.285641515000743,-0.228944116677589,-0.217161248327672,0.0815910750919195,0.0524154085612813,0.047159007775233,0.044345155334625,0.172883143858173,0.129806413106574
"36","StepData.LongestActiveStreak",42.24,29.9315954830889,4.23296682756495,50,-0.18352510683081,-0.137327762263187,-0.124761235512183,0.0336814648372602,0.0188589142882145,0.0155653658865263,0.202039164489138,0.417645885469755,0.387993525831196
"37","StepData.MaxActiveMinutes_PosMET",95.76,60.2855653349548,8.52566641120224,50,-0.315481657075639,-0.333883891210245,-0.279759230905737,0.0995286759511913,0.111478452809695,0.0782652272769693,0.025634734175406,0.0434248767975771,0.0491086667594178
"38","StepData.MaxActiveMinutes_Pure",294.88,96.2313623619702,13.6091697777938,50,-0.181511918640484,-0.32016123996794,-0.173608202848862,0.0329465766085495,0.102503219577809,0.0301398080964115,0.207117953734952,0.0533824179997691,0.227922602467074
"39","StepData.MaxDailyMaxSteps",121.88,17.8126760642928,2.51909280722814,50,-0.334622263053834,-0.320556466916452,-0.307001261770273,0.111972058931269,0.102756448481958,0.0942497747285399,0.0175389625969977,0.053072139723124,0.0301139692515133
"40","StepData.MaxMETClass.BelowMin",1432.38,14.2926982928276,2.02129277686235,50,0.124307728445269,0.0153422617565347,0.23538074673676,0.0154524113512227,0.000235384995806027,0.0554040959343546,0.389734349596057,0.928187541326742,0.0998653167717802
"41","StepData.MaxMETClassI",0.04,0.282842712474619,0.04,50,-0.0935219529582825,-0.108407272597999,-0.0479894853106398,0.0087463556851312,0.0117521367521368,0.00230299070038011,0.518284502839568,0.523038010639135,0.740686132003612
"42","StepData.MaxMETClassII",0.86,2.1571901603139,0.305072758133371,50,-0.181890026589402,-0.164500221442755,-0.181548533566758,0.0330839817726933,0.0270603228547154,0.0329598700402401,0.206157301481527,0.330592397081798,0.207024789517517
"43","StepData.MaxMETClassIII",40.48,26.35723190074,3.72747548206393,50,-0.361628959991352,-0.3375885442405,-0.257611720473397,0.130775504704427,0.11396602520242,0.0663637985252637,0.00986842465417803,0.0410113166309301,0.070897103438315
"44","StepData.MaxMETClassIV",63.52,49.2988553909433,6.9719109903342,50,-0.250217790349549,-0.278821476536761,-0.261094249149662,0.0626089426074111,0.0777414157781395,0.0681702069390258,0.0796786648529546,0.0946982037927602,0.067036382353588
"45","StepData.MeanActiveMinutes_PosMET",44.1139450145895,33.6089111909578,4.75301780228454,50,-0.28821747798021,-0.276377963370026,-0.298058911315576,0.083069314613273,0.0763847786365636,0.0888391146146264,0.0423815126079641,0.0977478046134819,0.0355240851667791
"46","StepData.MeanActiveMinutes_Pure",182.648256023418,69.8860847775877,9.88338489136204,50,-0.231968881671722,-0.270381284730813,-0.244179630094303,0.0538095620640292,0.073106039132685,0.0596236917529904,0.105022634477556,0.105549667400741,0.0874667723305034
"47","StepData.MeanDailyMaxSteps",91.0636538042044,19.5348255639762,2.76264152511678,50,-0.355939258379545,-0.328260586287195,-0.33218330963506,0.126692755655781,0.107755012509613,0.110345751200102,0.0111840050884426,0.0473064493544626,0.0184312383351568
"48","StepData.MeanDailyMeanSteps",3.50165036888536,1.60738045420297,0.227317923822727,50,-0.294365664570412,-0.32194301811188,-0.28660812386486,0.0866511444779804,0.103647306910986,0.0821442166653347,0.0379813794132238,0.0519949856498272,0.0435997776346455
"49","StepData.MeanDailyMinSteps",0,0,0,50,NA,NA,NA,NA,NA,NA,NA,NA,NA
"50","StepData.MeanDailyTotalSteps",5042.37653119491,2314.62785405228,327.337810304727,50,-0.29436566457041,-0.321943018111881,-0.286608123864857,0.086651144477979,0.103647306910987,0.0821442166653331,0.0379813794132253,0.0519949856498267,0.0435997776346475
"51","StepData.MeanMETClass.BelowMin",1395.88605498541,33.6089111909576,4.75301780228451,50,0.28821747798028,0.276377963370183,0.29805891131564,0.0830693146133132,0.0763847786366504,0.0888391146146647,0.0423815126079119,0.0977478046132836,0.0355240851667373
"52","StepData.MeanMETClassI",0.00533333333333334,0.0377123616632826,0.00533333333333334,50,-0.0935219529582824,-0.108407272597998,-0.0479894853106398,0.00874635568513119,0.0117521367521368,0.00230299070038011,0.518284502839568,0.523038010639135,0.740686132003612
"53","StepData.MeanMETClassII",0.16184335839599,0.526790048276915,0.0744993630796391,50,-0.135170746196157,-0.10744772346192,-0.176314944865221,0.018271130627226,0.0115450132771493,0.031086959782826,0.349308431836632,0.52674463791308,0.220641476832274
"54","StepData.MeanMETClassIII",13.957294869573,12.1207100165111,1.71412724909414,50,-0.282049004513301,-0.243134876107795,-0.228836332688806,0.0795516409469438,0.059114567979953,0.0523660671584619,0.0472072237889176,0.147049405177929,0.109935767428348
"55","StepData.MeanMETClassIV",29.9894734532872,25.9710534373011,3.67286160001477,50,-0.238469644840993,-0.231700292542358,-0.275271309746118,0.0568677715105893,0.0536850255642144,0.0757742939693435,0.0953669099539836,0.167627911984953,0.0530159275352731
"56","StepData.ModeActiveMinutes_PosMET",31.4,38.8912665291952,5.50005565834546,50,-0.191576364940572,-0.0985522238651955,-0.168243787100788,0.0367015036038432,0.00971254082877562,0.0283059718980154,0.182607493718252,0.561705502771325,0.242838605999925
"57","StepData.ModeActiveMinutes_Pure",148.84,119.711278516611,16.9297313647214,50,-0.167786091225611,-0.126908696085941,-0.210809593876979,0.028152172408769,0.0161058171422338,0.0444406848705766,0.244141311456841,0.45416206455184,0.14169249000926
"58","StepData.ModeDailyMaxSteps",87.1,40.957543971328,5.79227141657444,50,-0.301930001987745,-0.297187532480777,-0.319073405529875,0.0911617261003199,0.0883204294620128,0.101807838116432,0.0330909473684724,0.0740541248428619,0.0239134772036327
"59","StepData.ModeDailyMinSteps",0,0,0,50,NA,NA,NA,NA,NA,NA,NA,NA,NA
"60","StepData.ModeDailyModeSteps",0,0,0,50,NA,NA,NA,NA,NA,NA,NA,NA,NA
"61","StepData.ModeMETClass.BelowMin",1408.6,38.8912665291952,5.50005565834546,50,0.191576364940572,0.0985522238651901,0.168243787100782,0.0367015036038432,0.00971254082877455,0.0283059718980134,0.182607493718252,0.561705502771347,0.242838605999942
"62","StepData.ModeMETClassI",0,0,0,50,NA,NA,NA,NA,NA,NA,NA,NA,NA
"63","StepData.ModeMETClassII",0,0,0,50,NA,NA,NA,NA,NA,NA,NA,NA,NA
"64","StepData.ModeMETClassIII",8.08,12.082775731915,1.70876253111868,50,-0.241545296594846,-0.182745257266711,-0.259961961497174,0.0583441303070921,0.0333958290534762,0.0675802214254581,0.0910455191699171,0.278989626404768,0.0682727992114165
"65","StepData.ModeMETClassIV",23.62,29.8628770980197,4.22324858035003,50,-0.275035351020137,-0.206323766038692,-0.258371715225317,0.0756444443107701,0.042569496432389,0.0667559432284724,0.0532281209419652,0.220508297801999,0.0700398664819695
"66","StepData.OverallMETClass.BelowMin.PercentageAll",0.969365315962091,0.0233395216603873,0.00330070680714204,50,0.288217477980302,0.276377963370057,0.298058911315684,0.0830693146133261,0.0763847786365807,0.0888391146146906,0.042381512607895,0.0977478046134428,0.0355240851667094
"67","StepData.OverallMETClassI.Percentage",0.000114316362103973,0.00080833874844296,0.000114316362103973,50,-0.0935219529582825,-0.108407272597999,-0.0479894853106398,0.0087463556851312,0.0117521367521368,0.00230299070038011,0.518284502839567,0.523038010639135,0.740686132003612
"68","StepData.OverallMETClassI.PercentageAll",3.7037037037037e-06,2.61891400439462e-05,3.7037037037037e-06,50,-0.0935219529582825,-0.108407272597999,-0.0479894853106398,0.0087463556851312,0.0117521367521368,0.00230299070038011,0.518284502839568,0.523038010639135,0.740686132003612
"69","StepData.OverallMETClassII.Percentage",0.00312333370471827,0.0104950831169307,0.00148422888821963,50,-0.13407613706082,-0.115362293896706,-0.175554776100922,0.0179764105291518,0.0133084588531099,0.030819479411845,0.353260878154281,0.496560129648176,0.222669811867889
"70","StepData.OverallMETClassII.PercentageAll",0.000112391221108326,0.000365826422414524,5.17356688053049e-05,50,-0.135170746196157,-0.10744772346192,-0.176314944865221,0.0182711306272259,0.0115450132771492,0.031086959782826,0.349308431836633,0.526744637913082,0.220641476832275
"71","StepData.OverallMETClassIII.Percentage",0.263011859075549,0.133011113035209,0.0188106120000734,50,-0.208796783114896,-0.205866663018408,-0.0885355022178382,0.043596096639129,0.0423810829423346,0.00783853515296484,0.145623058839243,0.221555093125703,0.540929023741739
"72","StepData.OverallMETClassIII.PercentageAll",0.0096925658816479,0.00841715973368823,0.00119036614520426,50,-0.282049004513299,-0.243134876107795,-0.228836332688805,0.0795516409469429,0.059114567979953,0.0523660671584614,0.0472072237889192,0.147049405177929,0.10993576742835
"73","StepData.OverallMETClassIV.Percentage",0.733750490857629,0.134613356781897,0.0190372034837526,50,0.217326354832234,0.210797432301467,0.101456941174874,0.0472307445046659,0.0444355574648915,0.0102935109125618,0.129507766828111,0.210442186371407,0.483255694313798
"74","StepData.OverallMETClassIV.PercentageAll",0.0208260232314494,0.0180354537759036,0.00255059833334359,50,-0.238469644840993,-0.231700292542358,-0.275271309746118,0.0568677715105895,0.0536850255642142,0.0757742939693431,0.0953669099539831,0.167627911984953,0.0530159275352737
"75","StepData.StdDevActiveMinutes_PosMET",25.3695543860941,15.9771337960297,2.25950793021947,50,-0.311384805808409,-0.346048767562316,-0.239463064714248,0.0969604972883409,0.119749749531398,0.0573425593623403,0.0277235289682403,0.0359056285174875,0.0939540773713421
"76","StepData.StdDevActiveMinutes_Pure",72.211156011166,34.465248103374,4.87412212983451,50,-0.114583788509098,-0.342003090115109,-0.0680207561316317,0.0131294445890978,0.116966113648284,0.00462682326471891,0.428155736544973,0.0382783949507708,0.638813557264407
"77","StepData.StdDevDailyMaxSteps",24.2593249027679,12.0496607081308,1.70407935954327,50,-0.0418742385300881,-0.1746576736249,-0.00534187093562452,0.00175345185247472,0.0305053029560621,2.853558509287e-05,0.772785614160649,0.301177847029857,0.970630450844602
"78","StepData.StdDevDailyMeanSteps",1.68632860363822,0.87030474169595,0.123079676910403,50,-0.26119982169526,-0.385788003206509,-0.179356656197943,0.0682253468536356,0.148832383418065,0.0321688101225072,0.0669220165961273,0.0183627313521446,0.212653872370365
"79","StepData.StdDevDailyTotalSteps",2428.31318923903,1253.23882804217,177.23473475098,50,-0.261199821695262,-0.385788003206513,-0.179356656197948,0.0682253468536366,0.148832383418068,0.0321688101225088,0.0669220165961251,0.0183627313521433,0.212653872370353
"80","StepData.StdDevMETClass.BelowMin",25.3695543860941,15.9771337960297,2.25950793021947,50,-0.311384805808409,-0.346048767562316,-0.239463064714248,0.0969604972883409,0.119749749531398,0.0573425593623403,0.0277235289682403,0.0359056285174875,0.0939540773713421
"81","StepData.StdDevMETClassI",0.0118723367940933,0.0839500985563391,0.0118723367940933,50,-0.0935219529582825,-0.108407272597998,-0.0479894853106398,0.0087463556851312,0.0117521367521368,0.00230299070038011,0.518284502839568,0.523038010639135,0.740686132003612
"82","StepData.StdDevMETClassII",0.282658795368966,0.763960059368486,0.108040267707027,50,-0.165217627173821,-0.148509933492028,-0.183896389986268,0.0272968643289477,0.0220552003458066,0.0338178822499817,0.251539841642308,0.380364874055345,0.201112192536701
"83","StepData.StdDevMETClassIII",11.8148375020055,7.70373396766393,1.08947250579846,50,-0.315693913083192,-0.285989262118565,-0.216763838109882,0.0996626467577782,0.0817898580471213,0.0469865615121273,0.025530208378461,0.0861723473897147,0.130527374980333
"84","StepData.StdDevMETClassIV",16.7255608724026,13.2415235399667,1.87263421767035,50,-0.248731313267952,-0.291282282330506,-0.231413048381514,0.0618672662000002,0.0848453679996684,0.0535519989612251,0.0815433097860512,0.0802665913219736,0.105881867308121
"85","StepData.TotalActiveMinutes_PosMET",677.36,486.901228721609,68.8582321194223,50,-0.300284797953121,-0.296790988526845,-0.294315080145441,0.0901709598817469,0.0880848908707421,0.0866213664010175,0.0341075929997721,0.0744591542373447,0.0380159831023477
"86","StepData.TotalActiveMinutes_Pure",2811.74,976.122040086616,138.044502762179,50,-0.252567880972415,-0.318085284643176,-0.249697588062219,0.0637905344988959,0.10117824830653,0.0623488854840894,0.0767993513131549,0.0550360412134629,0.080327353585989
"87","StepData.TotalMETClass.BelowMin",22305.04,4184.12306643842,591.724358719532,50,-0.00147091737795358,-0.0139385273870521,0.0663994589160078,2.16359793276584e-06,0.0001942825457196,0.00440888814433861,0.991911276903598,0.934743256298072,0.646847639649615
"88","StepData.TotalMETClassI",0.08,0.565685424949238,0.08,50,-0.0935219529582825,-0.108407272597999,-0.0479894853106398,0.0087463556851312,0.0117521367521368,0.00230299070038011,0.518284502839568,0.523038010639135,0.740686132003612
"89","StepData.TotalMETClassII",2.52,8.33541742646818,1.17880603725523,50,-0.131169129897221,-0.101140939189119,-0.17443143613377,0.0172053406379941,0.010229489580057,0.0304263259116893,0.363889816009744,0.55142163345562,0.225690786912627
"90","StepData.TotalMETClassIII",212.38,172.444358373053,24.3873150365898,50,-0.307990435628259,-0.277841327195122,-0.238389182026818,0.0948581084384845,0.0771958030975466,0.0568294021074153,0.029560087759664,0.0959125891871384,0.0954820607099636
"91","StepData.TotalMETClassIV",462.38,384.644648622967,54.3969678776833,50,-0.239055894590421,-0.239241664893396,-0.261832315078632,0.0571477207384264,0.0572365742209642,0.0685561612194361,0.0945311725137947,0.153837097974229,0.0662400958196789
"92","TestEnd.Reason",NA,NA,NA,0,NA,NA,NA,NA,NA,NA,NA,NA,NA
"93","TestEnd.Symptom",NA,NA,NA,0,NA,NA,NA,NA,NA,NA,NA,NA,NA
"94","TotalRiskScore",9.6,3.64691650576209,1.63095064303001,5,0.475594865605671,0.475594865605671,0.475594865605671,0.226190476190476,0.226190476190476,0.226190476190476,0.418126956139655,0.418126956139655,0.418126956139655
"95","VCO2.Peak",1.36916326530612,0.513840294049733,0.073405756292819,49,-0.205348086975875,-0.261695680217932,-0.247456057798314,0.0421678368246517,0.0684846290447261,0.0612345005410827,0.156932408952415,0.117675782157503,0.0864829360315433
"96","VE.Peak",45.4575,14.3190000988123,2.06676964039389,48,-0.0839435379155268,-0.107091591590405,-0.123723793376625,0.00704651755777549,0.0114686089893661,0.0153075770475018,0.570544077916443,0.534162333979572,0.402134975409124
"97","VEperVCO2.atAT",34.2083333333333,5.76843329640167,0.832601629119976,48,0.392730041923935,0.471452077168884,0.429518772306281,0.154236885829575,0.222267061066855,0.184486375763495,0.00576092143137652,0.00322449741571873,0.00231488389842371
"98","VEperVCO2.Peak",34.5102040816327,7.20856680444523,1.02979525777789,49,0.312475862271409,0.293197486622916,0.298641216357127,0.0976411645022608,0.085964766161995,0.0891865761072643,0.0288211278427104,0.0782089281653164,0.0371283488775802
"99","VO2",1.24802,0.435792147141506,0.0616303164863209,50,-0.0906736935277784,-0.137582871543591,-0.114387994585974,0.00822171869796948,0.0189290465421802,0.0130846133054008,0.531160710233177,0.41677309141749,0.428950631002593
"100","VO2.Peak.Measured.Percentage",65.0434782608696,6.89913528152987,1.01722200168603,46,-0.045756705020987,-0.115199127936328,0.0303873307437935,0.00209367605437762,0.0132708390772904,0.000923389869732696,0.762686665190099,0.503473711131364,0.841112073527788
"101","VO2.Peak.Predicted.Percentage",32.5434782608696,8.72214683496145,1.28601039121696,46,-0.320975818137634,-0.283982206399729,-0.351471126231334,0.103025475829124,0.0806458935516582,0.123531952574322,0.0296328765252167,0.0932462266787564,0.0166130651083698
"102","VO2.perBodyWeight",14.306,3.66207312759272,0.517895348344368,50,-0.257508211542828,-0.287187304708918,-0.340681911268295,0.0663104790119857,0.0824765479859731,0.116064164665418,0.0710144981938914,0.0848070932377596,0.0154793667582811
"103","VO2.Predicted.Absolute",2.346,0.643243344310689,0.0909683461430403,50,0.000479766642990088,8.58882745288255e-06,-0.0193017753387341,2.30176031725978e-07,7.3767957015389e-11,0.000372558531226965,0.997361675708321,0.99995974625606,0.894158262557492
"104","VO2.Predicted.Absolute.Percentage",55.5295846645367,15.9113462261635,2.25020416286544,50,-0.210422674814312,-0.196613764932221,-0.265307184102668,0.0442777020760097,0.0386569725608226,0.0703879019364869,0.142441861779858,0.24347943218902,0.0625919572266145
"105","VO2.Predicted.Relative",29.486,5.40717625956847,0.764690200042355,50,0.00171220625207729,-0.0283676380083177,-0.0471118747327817,2.93165024965257e-06,0.000804722886170949,0.00221952874083732,0.990584460477405,0.867634032129242,0.745267438050268
"106","VO2.Predicted.Relative.Percentage",49.12,13.3914989787536,1.89384394762588,50,-0.26271266455812,-0.285175410470715,-0.286249461068735,0.0690179441192272,0.081325014737141,0.0819387539621413,0.0653001890611959,0.0871094296815644,0.0438751473465766
"107","Watts",90.4081632653061,32.6572595090197,4.66532278700281,49,-0.268682823536181,-0.337201947768039,-0.29487853081066,0.0721904596633744,0.11370515357856,0.0869533479330533,0.0619414086627694,0.04431040056823,0.0397010481098032
"108","Watts.Predicted.Percentage",58.6122448979592,20.9153216631279,2.98790309473256,49,-0.340507206548869,-0.314984840615456,-0.397162847512248,0.115945157711714,0.0992154498175442,0.157738327444037,0.0166637557170763,0.0613232088230786,0.00471902246203237
"109","Weight",87.706,20.0076047786733,2.82950260286006,50,0.166826660660302,0.169988296048691,0.221879894311747,0.0278311347070674,0.0288960207935374,0.049230687499792,0.246887465430617,0.314485932813439,0.12147336686391
"110","WristbandPreference",NA,NA,NA,0,NA,NA,NA,NA,NA,NA,NA,NA,NA
